# authors=Abraxas1010 (IAOM / Apoth3osis); The Institute for Ontological Mathematics / Equation Capital dba Apoth3osis
# generated_by=scripts/small-step-coverage.py
# instruction_source_sha256=4cb0ec52705959906122b09d88414bfa05a81b1776eb3be3a5392e23e773543b
instruction,decoder,old_semantics,step_relation,step_function,soundness,completeness,determinism,invariant_preservation,old_new_refinement,examples,testsuite,differential_seed,milestone,notes
localGet,present,present,migrated,migrated,proved_global,proved_global,proved_global,proved_global,proved_global,small_step_examples,baseline_not_attributed,not_attributed,M2_pure_core,initial observation-labelled slice
localSet,present,present,migrated,migrated,proved_global,proved_global,proved_global,proved_global,proved_global,small_step_examples,baseline_not_attributed,not_attributed,M2_pure_core,initial observation-labelled slice
const,present,present,migrated,migrated,proved_global,proved_global,proved_global,proved_global,proved_global,small_step_examples,baseline_not_attributed,not_attributed,M2_pure_core,initial observation-labelled slice
constI64,present,present,migrated,migrated,proved_global,proved_global,proved_global,proved_global,proved_global,small_step_examples,baseline_not_attributed,not_attributed,M2_pure_core,initial observation-labelled slice
globalGet,present,present,not_started,not_started,not_started,not_started,not_started,not_started,not_started,existing_big_step,baseline_not_attributed,not_attributed,future_milestone,no small-step claim
globalSet,present,present,not_started,not_started,not_started,not_started,not_started,not_started,not_started,existing_big_step,baseline_not_attributed,not_attributed,future_milestone,no small-step claim
add,present,present,migrated,migrated,proved_global,proved_global,proved_global,proved_global,proved_global,small_step_examples,baseline_not_attributed,not_attributed,M2_pure_core,initial observation-labelled slice
sub,present,present,migrated,migrated,proved_global,proved_global,proved_global,proved_global,proved_global,small_step_examples,baseline_not_attributed,not_attributed,M2_pure_core,initial observation-labelled slice
mul,present,present,migrated,migrated,proved_global,proved_global,proved_global,proved_global,proved_global,small_step_examples,baseline_not_attributed,not_attributed,M2_pure_core,initial observation-labelled slice
divU,present,present,migrated,migrated,proved_global,proved_global,proved_global,proved_global,proved_global,small_step_examples,baseline_not_attributed,not_attributed,M2_pure_core,initial observation-labelled slice
divS,present,present,not_started,not_started,not_started,not_started,not_started,not_started,not_started,not_found,baseline_not_attributed,not_attributed,future_milestone,no small-step claim
remU,present,present,not_started,not_started,not_started,not_started,not_started,not_started,not_started,existing_big_step,baseline_not_attributed,not_attributed,future_milestone,no small-step claim
remS,present,present,not_started,not_started,not_started,not_started,not_started,not_started,not_started,not_found,baseline_not_attributed,not_attributed,future_milestone,no small-step claim
eqz,present,present,not_started,not_started,not_started,not_started,not_started,not_started,not_started,existing_big_step,baseline_not_attributed,not_attributed,future_milestone,no small-step claim
eq,present,present,not_started,not_started,not_started,not_started,not_started,not_started,not_started,not_found,baseline_not_attributed,not_attributed,future_milestone,no small-step claim
ne,present,present,not_started,not_started,not_started,not_started,not_started,not_started,not_started,not_found,baseline_not_attributed,not_attributed,future_milestone,no small-step claim
ltU,present,present,not_started,not_started,not_started,not_started,not_started,not_started,not_started,existing_big_step,baseline_not_attributed,not_attributed,future_milestone,no small-step claim
ltS,present,present,not_started,not_started,not_started,not_started,not_started,not_started,not_started,existing_big_step,baseline_not_attributed,not_attributed,future_milestone,no small-step claim
gtU,present,present,not_started,not_started,not_started,not_started,not_started,not_started,not_started,not_found,baseline_not_attributed,not_attributed,future_milestone,no small-step claim
gtS,present,present,not_started,not_started,not_started,not_started,not_started,not_started,not_started,not_found,baseline_not_attributed,not_attributed,future_milestone,no small-step claim
leU,present,present,not_started,not_started,not_started,not_started,not_started,not_started,not_started,not_found,baseline_not_attributed,not_attributed,future_milestone,no small-step claim
leS,present,present,not_started,not_started,not_started,not_started,not_started,not_started,not_started,not_found,baseline_not_attributed,not_attributed,future_milestone,no small-step claim
geU,present,present,not_started,not_started,not_started,not_started,not_started,not_started,not_started,not_found,baseline_not_attributed,not_attributed,future_milestone,no small-step claim
geS,present,present,not_started,not_started,not_started,not_started,not_started,not_started,not_started,not_found,baseline_not_attributed,not_attributed,future_milestone,no small-step claim
and,present,present,not_started,not_started,not_started,not_started,not_started,not_started,not_started,existing_big_step,baseline_not_attributed,not_attributed,future_milestone,no small-step claim
or,present,present,not_started,not_started,not_started,not_started,not_started,not_started,not_started,not_found,baseline_not_attributed,not_attributed,future_milestone,no small-step claim
xor,present,present,not_started,not_started,not_started,not_started,not_started,not_started,not_started,not_found,baseline_not_attributed,not_attributed,future_milestone,no small-step claim
shl,present,present,not_started,not_started,not_started,not_started,not_started,not_started,not_started,not_found,baseline_not_attributed,not_attributed,future_milestone,no small-step claim
shrU,present,present,not_started,not_started,not_started,not_started,not_started,not_started,not_started,not_found,baseline_not_attributed,not_attributed,future_milestone,no small-step claim
shrS,present,present,not_started,not_started,not_started,not_started,not_started,not_started,not_started,not_found,baseline_not_attributed,not_attributed,future_milestone,no small-step claim
rotl,present,present,not_started,not_started,not_started,not_started,not_started,not_started,not_started,not_found,baseline_not_attributed,not_attributed,future_milestone,no small-step claim
rotr,present,present,not_started,not_started,not_started,not_started,not_started,not_started,not_started,not_found,baseline_not_attributed,not_attributed,future_milestone,no small-step claim
clz,present,present,not_started,not_started,not_started,not_started,not_started,not_started,not_started,existing_big_step,baseline_not_attributed,not_attributed,future_milestone,no small-step claim
ctz,present,present,not_started,not_started,not_started,not_started,not_started,not_started,not_started,existing_big_step,baseline_not_attributed,not_attributed,future_milestone,no small-step claim
popcnt,present,present,not_started,not_started,not_started,not_started,not_started,not_started,not_started,existing_big_step,baseline_not_attributed,not_attributed,future_milestone,no small-step claim
addI64,present,present,migrated,migrated,proved_global,proved_global,proved_global,proved_global,proved_global,small_step_examples,baseline_not_attributed,not_attributed,M2_pure_core,initial observation-labelled slice
subI64,present,present,migrated,migrated,proved_global,proved_global,proved_global,proved_global,proved_global,small_step_examples,baseline_not_attributed,not_attributed,M2_pure_core,initial observation-labelled slice
mulI64,present,present,migrated,migrated,proved_global,proved_global,proved_global,proved_global,proved_global,small_step_examples,baseline_not_attributed,not_attributed,M2_pure_core,initial observation-labelled slice
divUI64,present,present,not_started,not_started,not_started,not_started,not_started,not_started,not_started,not_found,baseline_not_attributed,not_attributed,future_milestone,no small-step claim
divSI64,present,present,not_started,not_started,not_started,not_started,not_started,not_started,not_started,not_found,baseline_not_attributed,not_attributed,future_milestone,no small-step claim
remUI64,present,present,not_started,not_started,not_started,not_started,not_started,not_started,not_started,not_found,baseline_not_attributed,not_attributed,future_milestone,no small-step claim
remSI64,present,present,not_started,not_started,not_started,not_started,not_started,not_started,not_started,not_found,baseline_not_attributed,not_attributed,future_milestone,no small-step claim
eqzI64,present,present,migrated,migrated,proved_global,proved_global,proved_global,proved_global,proved_global,small_step_examples,baseline_not_attributed,not_attributed,M2_pure_core,initial observation-labelled slice
eqI64,present,present,migrated,migrated,proved_global,proved_global,proved_global,proved_global,proved_global,small_step_examples,baseline_not_attributed,not_attributed,M2_pure_core,initial observation-labelled slice
neI64,present,present,migrated,migrated,proved_global,proved_global,proved_global,proved_global,proved_global,small_step_examples,baseline_not_attributed,not_attributed,M2_pure_core,initial observation-labelled slice
ltUI64,present,present,not_started,not_started,not_started,not_started,not_started,not_started,not_started,not_found,baseline_not_attributed,not_attributed,future_milestone,no small-step claim
ltSI64,present,present,not_started,not_started,not_started,not_started,not_started,not_started,not_started,not_found,baseline_not_attributed,not_attributed,future_milestone,no small-step claim
gtUI64,present,present,not_started,not_started,not_started,not_started,not_started,not_started,not_started,not_found,baseline_not_attributed,not_attributed,future_milestone,no small-step claim
gtSI64,present,present,not_started,not_started,not_started,not_started,not_started,not_started,not_started,not_found,baseline_not_attributed,not_attributed,future_milestone,no small-step claim
leUI64,present,present,not_started,not_started,not_started,not_started,not_started,not_started,not_started,not_found,baseline_not_attributed,not_attributed,future_milestone,no small-step claim
leSI64,present,present,migrated,migrated,proved_global,proved_global,proved_global,proved_global,proved_global,small_step_examples,baseline_not_attributed,not_attributed,M2_pure_core,initial observation-labelled slice
geUI64,present,present,not_started,not_started,not_started,not_started,not_started,not_started,not_started,not_found,baseline_not_attributed,not_attributed,future_milestone,no small-step claim
geSI64,present,present,not_started,not_started,not_started,not_started,not_started,not_started,not_started,not_found,baseline_not_attributed,not_attributed,future_milestone,no small-step claim
andI64,present,present,not_started,not_started,not_started,not_started,not_started,not_started,not_started,not_found,baseline_not_attributed,not_attributed,future_milestone,no small-step claim
orI64,present,present,not_started,not_started,not_started,not_started,not_started,not_started,not_started,not_found,baseline_not_attributed,not_attributed,future_milestone,no small-step claim
xorI64,present,present,not_started,not_started,not_started,not_started,not_started,not_started,not_started,not_found,baseline_not_attributed,not_attributed,future_milestone,no small-step claim
shlI64,present,present,not_started,not_started,not_started,not_started,not_started,not_started,not_started,not_found,baseline_not_attributed,not_attributed,future_milestone,no small-step claim
shrUI64,present,present,not_started,not_started,not_started,not_started,not_started,not_started,not_started,not_found,baseline_not_attributed,not_attributed,future_milestone,no small-step claim
shrSI64,present,present,not_started,not_started,not_started,not_started,not_started,not_started,not_started,not_found,baseline_not_attributed,not_attributed,future_milestone,no small-step claim
rotlI64,present,present,not_started,not_started,not_started,not_started,not_started,not_started,not_started,not_found,baseline_not_attributed,not_attributed,future_milestone,no small-step claim
rotrI64,present,present,not_started,not_started,not_started,not_started,not_started,not_started,not_started,not_found,baseline_not_attributed,not_attributed,future_milestone,no small-step claim
clzI64,present,present,not_started,not_started,not_started,not_started,not_started,not_started,not_started,not_found,baseline_not_attributed,not_attributed,future_milestone,no small-step claim
ctzI64,present,present,not_started,not_started,not_started,not_started,not_started,not_started,not_started,not_found,baseline_not_attributed,not_attributed,future_milestone,no small-step claim
popcntI64,present,present,not_started,not_started,not_started,not_started,not_started,not_started,not_started,not_found,baseline_not_attributed,not_attributed,future_milestone,no small-step claim
wrapI64,present,present,not_started,not_started,not_started,not_started,not_started,not_started,not_started,existing_big_step,baseline_not_attributed,not_attributed,future_milestone,no small-step claim
extendSI32,present,present,not_started,not_started,not_started,not_started,not_started,not_started,not_started,not_found,baseline_not_attributed,not_attributed,future_milestone,no small-step claim
extendUI32,present,present,migrated,migrated,proved_global,proved_global,proved_global,proved_global,proved_global,small_step_examples,baseline_not_attributed,not_attributed,M2_pure_core,initial observation-labelled slice
extend8S,present,present,not_started,not_started,not_started,not_started,not_started,not_started,not_started,not_found,baseline_not_attributed,not_attributed,future_milestone,no small-step claim
extend16S,present,present,not_started,not_started,not_started,not_started,not_started,not_started,not_started,not_found,baseline_not_attributed,not_attributed,future_milestone,no small-step claim
extend8SI64,present,present,not_started,not_started,not_started,not_started,not_started,not_started,not_started,not_found,baseline_not_attributed,not_attributed,future_milestone,no small-step claim
extend16SI64,present,present,not_started,not_started,not_started,not_started,not_started,not_started,not_started,not_found,baseline_not_attributed,not_attributed,future_milestone,no small-step claim
extend32SI64,present,present,not_started,not_started,not_started,not_started,not_started,not_started,not_started,not_found,baseline_not_attributed,not_attributed,future_milestone,no small-step claim
f32Const,present,present,not_started,not_started,not_started,not_started,not_started,not_started,not_started,existing_big_step,baseline_not_attributed,not_attributed,future_milestone,no small-step claim
f64Const,present,present,not_started,not_started,not_started,not_started,not_started,not_started,not_started,existing_big_step,baseline_not_attributed,not_attributed,future_milestone,no small-step claim
f32Add,present,present,not_started,not_started,not_started,not_started,not_started,not_started,not_started,not_found,baseline_not_attributed,not_attributed,future_milestone,no small-step claim
f32Sub,present,present,not_started,not_started,not_started,not_started,not_started,not_started,not_started,not_found,baseline_not_attributed,not_attributed,future_milestone,no small-step claim
f32Mul,present,present,not_started,not_started,not_started,not_started,not_started,not_started,not_started,existing_big_step,baseline_not_attributed,not_attributed,future_milestone,no small-step claim
f32Div,present,present,not_started,not_started,not_started,not_started,not_started,not_started,not_started,not_found,baseline_not_attributed,not_attributed,future_milestone,no small-step claim
f32Min,present,present,not_started,not_started,not_started,not_started,not_started,not_started,not_started,not_found,baseline_not_attributed,not_attributed,future_milestone,no small-step claim
f32Max,present,present,not_started,not_started,not_started,not_started,not_started,not_started,not_started,not_found,baseline_not_attributed,not_attributed,future_milestone,no small-step claim
f32Copysign,present,present,not_started,not_started,not_started,not_started,not_started,not_started,not_started,not_found,baseline_not_attributed,not_attributed,future_milestone,no small-step claim
f64Add,present,present,not_started,not_started,not_started,not_started,not_started,not_started,not_started,existing_big_step,baseline_not_attributed,not_attributed,future_milestone,no small-step claim
f64Sub,present,present,not_started,not_started,not_started,not_started,not_started,not_started,not_started,not_found,baseline_not_attributed,not_attributed,future_milestone,no small-step claim
f64Mul,present,present,not_started,not_started,not_started,not_started,not_started,not_started,not_started,existing_big_step,baseline_not_attributed,not_attributed,future_milestone,no small-step claim
f64Div,present,present,not_started,not_started,not_started,not_started,not_started,not_started,not_started,not_found,baseline_not_attributed,not_attributed,future_milestone,no small-step claim
f64Min,present,present,not_started,not_started,not_started,not_started,not_started,not_started,not_started,existing_big_step,baseline_not_attributed,not_attributed,future_milestone,no small-step claim
f64Max,present,present,not_started,not_started,not_started,not_started,not_started,not_started,not_started,not_found,baseline_not_attributed,not_attributed,future_milestone,no small-step claim
f64Copysign,present,present,not_started,not_started,not_started,not_started,not_started,not_started,not_started,not_found,baseline_not_attributed,not_attributed,future_milestone,no small-step claim
f32Abs,present,present,not_started,not_started,not_started,not_started,not_started,not_started,not_started,not_found,baseline_not_attributed,not_attributed,future_milestone,no small-step claim
f32Neg,present,present,not_started,not_started,not_started,not_started,not_started,not_started,not_started,not_found,baseline_not_attributed,not_attributed,future_milestone,no small-step claim
f32Sqrt,present,present,not_started,not_started,not_started,not_started,not_started,not_started,not_started,not_found,baseline_not_attributed,not_attributed,future_milestone,no small-step claim
f32Ceil,present,present,not_started,not_started,not_started,not_started,not_started,not_started,not_started,not_found,baseline_not_attributed,not_attributed,future_milestone,no small-step claim
f32Floor,present,present,not_started,not_started,not_started,not_started,not_started,not_started,not_started,not_found,baseline_not_attributed,not_attributed,future_milestone,no small-step claim
f32Trunc,present,present,not_started,not_started,not_started,not_started,not_started,not_started,not_started,not_found,baseline_not_attributed,not_attributed,future_milestone,no small-step claim
f32Nearest,present,present,not_started,not_started,not_started,not_started,not_started,not_started,not_started,not_found,baseline_not_attributed,not_attributed,future_milestone,no small-step claim
f64Abs,present,present,not_started,not_started,not_started,not_started,not_started,not_started,not_started,not_found,baseline_not_attributed,not_attributed,future_milestone,no small-step claim
f64Neg,present,present,not_started,not_started,not_started,not_started,not_started,not_started,not_started,not_found,baseline_not_attributed,not_attributed,future_milestone,no small-step claim
f64Sqrt,present,present,not_started,not_started,not_started,not_started,not_started,not_started,not_started,existing_big_step,baseline_not_attributed,not_attributed,future_milestone,no small-step claim
f64Ceil,present,present,not_started,not_started,not_started,not_started,not_started,not_started,not_started,not_found,baseline_not_attributed,not_attributed,future_milestone,no small-step claim
f64Floor,present,present,not_started,not_started,not_started,not_started,not_started,not_started,not_started,not_found,baseline_not_attributed,not_attributed,future_milestone,no small-step claim
f64Trunc,present,present,not_started,not_started,not_started,not_started,not_started,not_started,not_started,not_found,baseline_not_attributed,not_attributed,future_milestone,no small-step claim
f64Nearest,present,present,not_started,not_started,not_started,not_started,not_started,not_started,not_started,not_found,baseline_not_attributed,not_attributed,future_milestone,no small-step claim
f32Eq,present,present,not_started,not_started,not_started,not_started,not_started,not_started,not_started,not_found,baseline_not_attributed,not_attributed,future_milestone,no small-step claim
f32Ne,present,present,not_started,not_started,not_started,not_started,not_started,not_started,not_started,not_found,baseline_not_attributed,not_attributed,future_milestone,no small-step claim
f32Lt,present,present,not_started,not_started,not_started,not_started,not_started,not_started,not_started,not_found,baseline_not_attributed,not_attributed,future_milestone,no small-step claim
f32Gt,present,present,not_started,not_started,not_started,not_started,not_started,not_started,not_started,not_found,baseline_not_attributed,not_attributed,future_milestone,no small-step claim
f32Le,present,present,not_started,not_started,not_started,not_started,not_started,not_started,not_started,not_found,baseline_not_attributed,not_attributed,future_milestone,no small-step claim
f32Ge,present,present,not_started,not_started,not_started,not_started,not_started,not_started,not_started,not_found,baseline_not_attributed,not_attributed,future_milestone,no small-step claim
f64Eq,present,present,not_started,not_started,not_started,not_started,not_started,not_started,not_started,not_found,baseline_not_attributed,not_attributed,future_milestone,no small-step claim
f64Ne,present,present,not_started,not_started,not_started,not_started,not_started,not_started,not_started,not_found,baseline_not_attributed,not_attributed,future_milestone,no small-step claim
f64Lt,present,present,not_started,not_started,not_started,not_started,not_started,not_started,not_started,existing_big_step,baseline_not_attributed,not_attributed,future_milestone,no small-step claim
f64Gt,present,present,not_started,not_started,not_started,not_started,not_started,not_started,not_started,not_found,baseline_not_attributed,not_attributed,future_milestone,no small-step claim
f64Le,present,present,not_started,not_started,not_started,not_started,not_started,not_started,not_started,not_found,baseline_not_attributed,not_attributed,future_milestone,no small-step claim
f64Ge,present,present,not_started,not_started,not_started,not_started,not_started,not_started,not_started,not_found,baseline_not_attributed,not_attributed,future_milestone,no small-step claim
f32Load,present,present,not_started,not_started,not_started,not_started,not_started,not_started,not_started,not_found,baseline_not_attributed,not_attributed,future_milestone,no small-step claim
f64Load,present,present,not_started,not_started,not_started,not_started,not_started,not_started,not_started,existing_big_step,baseline_not_attributed,not_attributed,future_milestone,no small-step claim
f32Store,present,present,not_started,not_started,not_started,not_started,not_started,not_started,not_started,not_found,baseline_not_attributed,not_attributed,future_milestone,no small-step claim
f64Store,present,present,not_started,not_started,not_started,not_started,not_started,not_started,not_started,existing_big_step,baseline_not_attributed,not_attributed,future_milestone,no small-step claim
f32ConvertI32S,present,present,not_started,not_started,not_started,not_started,not_started,not_started,not_started,not_found,baseline_not_attributed,not_attributed,future_milestone,no small-step claim
f32ConvertI32U,present,present,not_started,not_started,not_started,not_started,not_started,not_started,not_started,not_found,baseline_not_attributed,not_attributed,future_milestone,no small-step claim
f32ConvertI64S,present,present,not_started,not_started,not_started,not_started,not_started,not_started,not_started,not_found,baseline_not_attributed,not_attributed,future_milestone,no small-step claim
f32ConvertI64U,present,present,not_started,not_started,not_started,not_started,not_started,not_started,not_started,not_found,baseline_not_attributed,not_attributed,future_milestone,no small-step claim
f64ConvertI32S,present,present,not_started,not_started,not_started,not_started,not_started,not_started,not_started,existing_big_step,baseline_not_attributed,not_attributed,future_milestone,no small-step claim
f64ConvertI32U,present,present,not_started,not_started,not_started,not_started,not_started,not_started,not_started,not_found,baseline_not_attributed,not_attributed,future_milestone,no small-step claim
f64ConvertI64S,present,present,not_started,not_started,not_started,not_started,not_started,not_started,not_started,not_found,baseline_not_attributed,not_attributed,future_milestone,no small-step claim
f64ConvertI64U,present,present,not_started,not_started,not_started,not_started,not_started,not_started,not_started,not_found,baseline_not_attributed,not_attributed,future_milestone,no small-step claim
i32TruncF32S,present,present,not_started,not_started,not_started,not_started,not_started,not_started,not_started,not_found,baseline_not_attributed,not_attributed,future_milestone,no small-step claim
i32TruncF32U,present,present,not_started,not_started,not_started,not_started,not_started,not_started,not_started,not_found,baseline_not_attributed,not_attributed,future_milestone,no small-step claim
i32TruncF64S,present,present,not_started,not_started,not_started,not_started,not_started,not_started,not_started,existing_big_step,baseline_not_attributed,not_attributed,future_milestone,no small-step claim
i32TruncF64U,present,present,not_started,not_started,not_started,not_started,not_started,not_started,not_started,not_found,baseline_not_attributed,not_attributed,future_milestone,no small-step claim
i64TruncF32S,present,present,not_started,not_started,not_started,not_started,not_started,not_started,not_started,not_found,baseline_not_attributed,not_attributed,future_milestone,no small-step claim
i64TruncF32U,present,present,not_started,not_started,not_started,not_started,not_started,not_started,not_started,not_found,baseline_not_attributed,not_attributed,future_milestone,no small-step claim
i64TruncF64S,present,present,not_started,not_started,not_started,not_started,not_started,not_started,not_started,not_found,baseline_not_attributed,not_attributed,future_milestone,no small-step claim
i64TruncF64U,present,present,not_started,not_started,not_started,not_started,not_started,not_started,not_started,not_found,baseline_not_attributed,not_attributed,future_milestone,no small-step claim
i32TruncSatF32S,present,present,not_started,not_started,not_started,not_started,not_started,not_started,not_started,not_found,baseline_not_attributed,not_attributed,future_milestone,no small-step claim
i32TruncSatF32U,present,present,not_started,not_started,not_started,not_started,not_started,not_started,not_started,not_found,baseline_not_attributed,not_attributed,future_milestone,no small-step claim
i32TruncSatF64S,present,present,not_started,not_started,not_started,not_started,not_started,not_started,not_started,not_found,baseline_not_attributed,not_attributed,future_milestone,no small-step claim
i32TruncSatF64U,present,present,not_started,not_started,not_started,not_started,not_started,not_started,not_started,not_found,baseline_not_attributed,not_attributed,future_milestone,no small-step claim
i64TruncSatF32S,present,present,not_started,not_started,not_started,not_started,not_started,not_started,not_started,not_found,baseline_not_attributed,not_attributed,future_milestone,no small-step claim
i64TruncSatF32U,present,present,not_started,not_started,not_started,not_started,not_started,not_started,not_started,not_found,baseline_not_attributed,not_attributed,future_milestone,no small-step claim
i64TruncSatF64S,present,present,not_started,not_started,not_started,not_started,not_started,not_started,not_started,not_found,baseline_not_attributed,not_attributed,future_milestone,no small-step claim
i64TruncSatF64U,present,present,not_started,not_started,not_started,not_started,not_started,not_started,not_started,not_found,baseline_not_attributed,not_attributed,future_milestone,no small-step claim
f32DemoteF64,present,present,not_started,not_started,not_started,not_started,not_started,not_started,not_started,not_found,baseline_not_attributed,not_attributed,future_milestone,no small-step claim
f64PromoteF32,present,present,not_started,not_started,not_started,not_started,not_started,not_started,not_started,not_found,baseline_not_attributed,not_attributed,future_milestone,no small-step claim
i32ReinterpretF32,present,present,not_started,not_started,not_started,not_started,not_started,not_started,not_started,not_found,baseline_not_attributed,not_attributed,future_milestone,no small-step claim
i64ReinterpretF64,present,present,not_started,not_started,not_started,not_started,not_started,not_started,not_started,not_found,baseline_not_attributed,not_attributed,future_milestone,no small-step claim
f32ReinterpretI32,present,present,not_started,not_started,not_started,not_started,not_started,not_started,not_started,existing_big_step,baseline_not_attributed,not_attributed,future_milestone,no small-step claim
f64ReinterpretI64,present,present,not_started,not_started,not_started,not_started,not_started,not_started,not_started,not_found,baseline_not_attributed,not_attributed,future_milestone,no small-step claim
block,present,present,not_started,not_started,not_started,not_started,not_started,not_started,not_started,existing_big_step,baseline_not_attributed,not_attributed,future_milestone,no small-step claim
loop,present,present,not_started,not_started,not_started,not_started,not_started,not_started,not_started,existing_big_step,baseline_not_attributed,not_attributed,future_milestone,no small-step claim
iff,present,present,not_started,not_started,not_started,not_started,not_started,not_started,not_started,existing_big_step,baseline_not_attributed,not_attributed,future_milestone,no small-step claim
br,present,present,not_started,not_started,not_started,not_started,not_started,not_started,not_started,existing_big_step,baseline_not_attributed,not_attributed,future_milestone,no small-step claim
br_if,present,present,not_started,not_started,not_started,not_started,not_started,not_started,not_started,existing_big_step,baseline_not_attributed,not_attributed,future_milestone,no small-step claim
brTable,present,present,not_started,not_started,not_started,not_started,not_started,not_started,not_started,existing_big_step,baseline_not_attributed,not_attributed,future_milestone,no small-step claim
ret,present,present,not_started,not_started,not_started,not_started,not_started,not_started,not_started,existing_big_step,baseline_not_attributed,not_attributed,future_milestone,no small-step claim
call,present,present,not_started,not_started,not_started,not_started,not_started,not_started,not_started,existing_big_step,baseline_not_attributed,not_attributed,future_milestone,no small-step claim
returnCall,present,present,not_started,not_started,not_started,not_started,not_started,not_started,not_started,not_found,baseline_not_attributed,not_attributed,future_milestone,no small-step claim
returnCallIndirect,present,present,not_started,not_started,not_started,not_started,not_started,not_started,not_started,existing_big_step,baseline_not_attributed,not_attributed,future_milestone,no small-step claim
throwI,present,present,not_started,not_started,not_started,not_started,not_started,not_started,not_started,not_found,baseline_not_attributed,not_attributed,future_milestone,no small-step claim
throwRef,present,present,not_started,not_started,not_started,not_started,not_started,not_started,not_started,not_found,baseline_not_attributed,not_attributed,future_milestone,no small-step claim
tryTable,present,present,not_started,not_started,not_started,not_started,not_started,not_started,not_started,not_found,baseline_not_attributed,not_attributed,future_milestone,no small-step claim
callRef,present,present,not_started,not_started,not_started,not_started,not_started,not_started,not_started,existing_big_step,baseline_not_attributed,not_attributed,future_milestone,no small-step claim
returnCallRef,present,present,not_started,not_started,not_started,not_started,not_started,not_started,not_started,not_found,baseline_not_attributed,not_attributed,future_milestone,no small-step claim
refAsNonNull,present,present,not_started,not_started,not_started,not_started,not_started,not_started,not_started,not_found,baseline_not_attributed,not_attributed,future_milestone,no small-step claim
brOnNull,present,present,not_started,not_started,not_started,not_started,not_started,not_started,not_started,not_found,baseline_not_attributed,not_attributed,future_milestone,no small-step claim
brOnNonNull,present,present,not_started,not_started,not_started,not_started,not_started,not_started,not_started,not_found,baseline_not_attributed,not_attributed,future_milestone,no small-step claim
callIndirect,present,present,not_started,not_started,not_started,not_started,not_started,not_started,not_started,existing_big_step,baseline_not_attributed,not_attributed,future_milestone,no small-step claim
refNull,present,present,not_started,not_started,not_started,not_started,not_started,not_started,not_started,existing_big_step,baseline_not_attributed,not_attributed,future_milestone,no small-step claim
refNullExtern,present,present,not_started,not_started,not_started,not_started,not_started,not_started,not_started,not_found,baseline_not_attributed,not_attributed,future_milestone,no small-step claim
refNullExn,present,present,not_started,not_started,not_started,not_started,not_started,not_started,not_started,not_found,baseline_not_attributed,not_attributed,future_milestone,no small-step claim
refFunc,present,present,not_started,not_started,not_started,not_started,not_started,not_started,not_started,existing_big_step,baseline_not_attributed,not_attributed,future_milestone,no small-step claim
refIsNull,present,present,not_started,not_started,not_started,not_started,not_started,not_started,not_started,existing_big_step,baseline_not_attributed,not_attributed,future_milestone,no small-step claim
gc,present,present,not_started,not_started,not_started,not_started,not_started,not_started,not_started,existing_big_step,baseline_not_attributed,not_attributed,future_milestone,no small-step claim
tableGet,present,present,not_started,not_started,not_started,not_started,not_started,not_started,not_started,existing_big_step,baseline_not_attributed,not_attributed,future_milestone,no small-step claim
tableSize,present,present,not_started,not_started,not_started,not_started,not_started,not_started,not_started,existing_big_step,baseline_not_attributed,not_attributed,future_milestone,no small-step claim
tableSet,present,present,not_started,not_started,not_started,not_started,not_started,not_started,not_started,not_found,baseline_not_attributed,not_attributed,future_milestone,no small-step claim
tableGrow,present,present,not_started,not_started,not_started,not_started,not_started,not_started,not_started,not_found,baseline_not_attributed,not_attributed,future_milestone,no small-step claim
tableFill,present,present,not_started,not_started,not_started,not_started,not_started,not_started,not_started,not_found,baseline_not_attributed,not_attributed,future_milestone,no small-step claim
tableCopy,present,present,not_started,not_started,not_started,not_started,not_started,not_started,not_started,not_found,baseline_not_attributed,not_attributed,future_milestone,no small-step claim
tableInit,present,present,not_started,not_started,not_started,not_started,not_started,not_started,not_started,not_found,baseline_not_attributed,not_attributed,future_milestone,no small-step claim
elemDrop,present,present,not_started,not_started,not_started,not_started,not_started,not_started,not_started,not_found,baseline_not_attributed,not_attributed,future_milestone,no small-step claim
load8U,present,present,not_started,not_started,not_started,not_started,not_started,not_started,not_started,existing_big_step,baseline_not_attributed,not_attributed,future_milestone,no small-step claim
load8S,present,present,not_started,not_started,not_started,not_started,not_started,not_started,not_started,existing_big_step,baseline_not_attributed,not_attributed,future_milestone,no small-step claim
load16U,present,present,not_started,not_started,not_started,not_started,not_started,not_started,not_started,existing_big_step,baseline_not_attributed,not_attributed,future_milestone,no small-step claim
load16S,present,present,not_started,not_started,not_started,not_started,not_started,not_started,not_started,existing_big_step,baseline_not_attributed,not_attributed,future_milestone,no small-step claim
load32,present,present,not_started,not_started,not_started,not_started,not_started,not_started,not_started,existing_big_step,baseline_not_attributed,not_attributed,future_milestone,no small-step claim
store8,present,present,not_started,not_started,not_started,not_started,not_started,not_started,not_started,existing_big_step,baseline_not_attributed,not_attributed,future_milestone,no small-step claim
store16,present,present,not_started,not_started,not_started,not_started,not_started,not_started,not_started,existing_big_step,baseline_not_attributed,not_attributed,future_milestone,no small-step claim
store32,present,present,not_started,not_started,not_started,not_started,not_started,not_started,not_started,existing_big_step,baseline_not_attributed,not_attributed,future_milestone,no small-step claim
load64,present,present,not_started,not_started,not_started,not_started,not_started,not_started,not_started,existing_big_step,baseline_not_attributed,not_attributed,future_milestone,no small-step claim
store64,present,present,not_started,not_started,not_started,not_started,not_started,not_started,not_started,existing_big_step,baseline_not_attributed,not_attributed,future_milestone,no small-step claim
load8UI64,present,present,not_started,not_started,not_started,not_started,not_started,not_started,not_started,existing_big_step,baseline_not_attributed,not_attributed,future_milestone,no small-step claim
load8SI64,present,present,not_started,not_started,not_started,not_started,not_started,not_started,not_started,existing_big_step,baseline_not_attributed,not_attributed,future_milestone,no small-step claim
load16UI64,present,present,not_started,not_started,not_started,not_started,not_started,not_started,not_started,existing_big_step,baseline_not_attributed,not_attributed,future_milestone,no small-step claim
load16SI64,present,present,not_started,not_started,not_started,not_started,not_started,not_started,not_started,existing_big_step,baseline_not_attributed,not_attributed,future_milestone,no small-step claim
load32UI64,present,present,not_started,not_started,not_started,not_started,not_started,not_started,not_started,existing_big_step,baseline_not_attributed,not_attributed,future_milestone,no small-step claim
load32SI64,present,present,not_started,not_started,not_started,not_started,not_started,not_started,not_started,existing_big_step,baseline_not_attributed,not_attributed,future_milestone,no small-step claim
store8I64,present,present,not_started,not_started,not_started,not_started,not_started,not_started,not_started,existing_big_step,baseline_not_attributed,not_attributed,future_milestone,no small-step claim
store16I64,present,present,not_started,not_started,not_started,not_started,not_started,not_started,not_started,existing_big_step,baseline_not_attributed,not_attributed,future_milestone,no small-step claim
store32I64,present,present,not_started,not_started,not_started,not_started,not_started,not_started,not_started,existing_big_step,baseline_not_attributed,not_attributed,future_milestone,no small-step claim
memorySize,present,present,not_started,not_started,not_started,not_started,not_started,not_started,not_started,existing_big_step,baseline_not_attributed,not_attributed,future_milestone,no small-step claim
memoryGrow,present,present,not_started,not_started,not_started,not_started,not_started,not_started,not_started,existing_big_step,baseline_not_attributed,not_attributed,future_milestone,no small-step claim
memoryFill,present,present,not_started,not_started,not_started,not_started,not_started,not_started,not_started,existing_big_step,baseline_not_attributed,not_attributed,future_milestone,no small-step claim
memoryCopy,present,present,not_started,not_started,not_started,not_started,not_started,not_started,not_started,existing_big_step,baseline_not_attributed,not_attributed,future_milestone,no small-step claim
memoryInit,present,present,not_started,not_started,not_started,not_started,not_started,not_started,not_started,not_found,baseline_not_attributed,not_attributed,future_milestone,no small-step claim
dataDrop,present,present,not_started,not_started,not_started,not_started,not_started,not_started,not_started,not_found,baseline_not_attributed,not_attributed,future_milestone,no small-step claim
memOp,present,present,not_started,not_started,not_started,not_started,not_started,not_started,not_started,not_found,baseline_not_attributed,not_attributed,future_milestone,no small-step claim
memoryCopyBetween,present,present,not_started,not_started,not_started,not_started,not_started,not_started,not_started,not_found,baseline_not_attributed,not_attributed,future_milestone,no small-step claim
vConst,present,present,not_started,not_started,not_started,not_started,not_started,not_started,not_started,not_found,baseline_not_attributed,not_attributed,future_milestone,no small-step claim
vUnOp,present,present,not_started,not_started,not_started,not_started,not_started,not_started,not_started,not_found,baseline_not_attributed,not_attributed,future_milestone,no small-step claim
vBinOp,present,present,not_started,not_started,not_started,not_started,not_started,not_started,not_started,not_found,baseline_not_attributed,not_attributed,future_milestone,no small-step claim
vBitselect,present,present,not_started,not_started,not_started,not_started,not_started,not_started,not_started,not_found,baseline_not_attributed,not_attributed,future_milestone,no small-step claim
vTestOp,present,present,not_started,not_started,not_started,not_started,not_started,not_started,not_started,not_found,baseline_not_attributed,not_attributed,future_milestone,no small-step claim
vShiftOp,present,present,not_started,not_started,not_started,not_started,not_started,not_started,not_started,not_found,baseline_not_attributed,not_attributed,future_milestone,no small-step claim
vSplat,present,present,not_started,not_started,not_started,not_started,not_started,not_started,not_started,not_found,baseline_not_attributed,not_attributed,future_milestone,no small-step claim
vExtractLane,present,present,not_started,not_started,not_started,not_started,not_started,not_started,not_started,not_found,baseline_not_attributed,not_attributed,future_milestone,no small-step claim
vReplaceLane,present,present,not_started,not_started,not_started,not_started,not_started,not_started,not_started,not_found,baseline_not_attributed,not_attributed,future_milestone,no small-step claim
vShuffle,present,present,not_started,not_started,not_started,not_started,not_started,not_started,not_started,not_found,baseline_not_attributed,not_attributed,future_milestone,no small-step claim
vFma,present,present,not_started,not_started,not_started,not_started,not_started,not_started,not_started,not_found,baseline_not_attributed,not_attributed,future_milestone,no small-step claim
vDotAdd,present,present,not_started,not_started,not_started,not_started,not_started,not_started,not_started,not_found,baseline_not_attributed,not_attributed,future_milestone,no small-step claim
v128Load,present,present,not_started,not_started,not_started,not_started,not_started,not_started,not_started,not_found,baseline_not_attributed,not_attributed,future_milestone,no small-step claim
v128Store,present,present,not_started,not_started,not_started,not_started,not_started,not_started,not_started,not_found,baseline_not_attributed,not_attributed,future_milestone,no small-step claim
v128LoadExt,present,present,not_started,not_started,not_started,not_started,not_started,not_started,not_started,not_found,baseline_not_attributed,not_attributed,future_milestone,no small-step claim
v128LoadSplat,present,present,not_started,not_started,not_started,not_started,not_started,not_started,not_started,not_found,baseline_not_attributed,not_attributed,future_milestone,no small-step claim
v128LoadZero,present,present,not_started,not_started,not_started,not_started,not_started,not_started,not_started,not_found,baseline_not_attributed,not_attributed,future_milestone,no small-step claim
v128LoadLane,present,present,not_started,not_started,not_started,not_started,not_started,not_started,not_started,not_found,baseline_not_attributed,not_attributed,future_milestone,no small-step claim
v128StoreLane,present,present,not_started,not_started,not_started,not_started,not_started,not_started,not_started,not_found,baseline_not_attributed,not_attributed,future_milestone,no small-step claim
drop,present,present,not_started,not_started,not_started,not_started,not_started,not_started,not_started,existing_big_step,baseline_not_attributed,not_attributed,future_milestone,no small-step claim
select,present,present,not_started,not_started,not_started,not_started,not_started,not_started,not_started,existing_big_step,baseline_not_attributed,not_attributed,future_milestone,no small-step claim
nop,present,present,not_started,not_started,not_started,not_started,not_started,not_started,not_started,existing_big_step,baseline_not_attributed,not_attributed,future_milestone,no small-step claim
unreachable,present,present,not_started,not_started,not_started,not_started,not_started,not_started,not_started,existing_big_step,baseline_not_attributed,not_attributed,future_milestone,no small-step claim
